{
  "schema": "1.0",
  "type": "whmcs-registrars",
  "name": "gateway_srs",
  "license": "proprietary",
  "category": "registrar",
  "description": {
    "name": "Gateway SRS Version: v4.0.115",
    "tagline": "Need an account? Sign up here: <href a='https:\/\/portal.dns.business\/api\/signup'>portal.dns.business\/api\/signup<\/a>",
    "long": "Need an account? Sign up here: <href a='https:\/\/portal.dns.business\/api\/signup'>portal.dns.business\/api\/signup<\/a>",
    "features": [
      "Provide functionality for registering, transferring and renewing of domains"
    ]
  },
  "logo": {
    "filename": "logo.png"
  },
  "support": {
    "homepage": "https:\/\/dns.business\/",
    "learn_more": "https:\/\/gateway.africa\/",
    "docs_url": "https:\/\/portal.dns.business\/",
    "support_url": "https:\/\/dnsbusiness.atlassian.net\/servicedesk\/customer\/portal\/2\/group\/3\/create\/23",
    "email": "support@dns.business"
  },
  "authors": [
    {
      "name": "DNS Africa",
      "homepage": "https:\/\/dns.business\/"
    }
  ]
}
